{
  "type": "Filesystem",
  "managed": true,
  "formatType": "csv",
  "checklists": {
    "checklists": []
  },
  "checks": [],
  "customMeta": {
    "kv": {}
  },
  "flowOptions": {
    "virtualizable": false,
    "rebuildBehavior": "NORMAL",
    "crossProjectBuildBehavior": "DEFAULT"
  },
  "readWriteOptions": {
    "preserveOrder": false,
    "writeBuckets": 1,
    "forceSingleOutputFile": false,
    "defaultReadOrdering": {
      "enabled": false,
      "rules": []
    }
  },
  "formatParams": {
    "style": "unix",
    "charset": "utf8",
    "separator": "\t",
    "quoteChar": "\"",
    "escapeChar": "\\",
    "dateSerializationFormat": "ISO",
    "arrayMapFormat": "json",
    "hiveSeparators": [
      "\u0002",
      "\u0003",
      "\u0004",
      "\u0005",
      "\u0006",
      "\u0007",
      "\b"
    ],
    "skipRowsBeforeHeader": 0,
    "parseHeaderRow": false,
    "skipRowsAfterHeader": 0,
    "probableNumberOfRecords": 0,
    "normalizeBooleans": false,
    "normalizeDoubles": true,
    "readAdditionalColumnsBehavior": "INSERT_IN_DATA_WARNING",
    "readMissingColumnsBehavior": "DISCARD_SILENT",
    "readDataTypeMismatchBehavior": "DISCARD_WARNING",
    "writeDataTypeMismatchBehavior": "DISCARD_WARNING",
    "fileReadFailureBehavior": "FAIL",
    "compress": "gz"
  },
  "partitioning": {
    "ignoreNonMatchingFile": false,
    "considerMissingRequestedPartitionsAsEmpty": false,
    "dimensions": []
  },
  "versionTag": {
    "versionNumber": 4,
    "lastModifiedBy": {
      "login": "admin"
    },
    "lastModifiedOn": 1648850493149
  },
  "creationTag": {
    "versionNumber": 0,
    "lastModifiedBy": {
      "login": "admin"
    },
    "lastModifiedOn": 1648721219000
  },
  "tags": [],
  "params": {
    "connection": "filesystem_managed",
    "path": "/Devoir_donnees_5avril.liste_des_immeubles_proteges_au_titre_monuments_historiques_geopoint_joined__prepared_prepared",
    "notReadyIfEmpty": false,
    "filesSelectionRules": {
      "mode": "ALL",
      "excludeRules": [],
      "includeRules": [],
      "explicitFiles": []
    }
  },
  "schema": {
    "columns": [
      {"name":"immeubles_appellation_courante","type":"string"},
      {"name":"immeubles_date_siecle","type":"string"},
      {"name":"immeubles_adresse","type":"string"},
      {"name":"immeubles_reference","type":"string"},
      {"name":"immeubles_lat","type":"double"},
      {"name":"immeubles_long","type":"double"},
      {"name":"immeubles_coordonnees_finales","type":"string"},
      {"name":"immeubles_geopoint","type":"string"},
      {"name":"nom_realisateur","type":"string"},
      {"name":"nationalite_realisateur","type":"string"},
      {"name":"date_naissance_realisateur","type":"date"},
      {"name":"id_lieu_tournage","type":"string","meaning":"Text"},
      {"name":"annee_tournage","type":"bigint","meaning":"LongMeaning"},
      {"name":"type_tournage","type":"string"},
      {"name":"nom_tournage","type":"string"},
      {"name":"nom_producteur","type":"string"},
      {"name":"adresse_lieu","type":"string"},
      {"name":"ardt_lieu","type":"bigint"},
      {"name":"tournage_debut","type":"date"},
      {"name":"tournage_duree","type":"bigint"},
      {"name":"tournage_fin","type":"date"},
      {"name":"coord_x","type":"double","meaning":"Longitude"},
      {"name":"coord_y","type":"double","meaning":"Latitude"},
      {"name":"filmLabel","type":"string"},
      {"name":"imdbID","type":"string"},
      {"name":"visa","type":"bigint"},
      {"name":"cost","type":"bigint"},
      {"name":"geopoint_tournage","type":"string"}
    ],
    "userModified": true
  },
  "dkuProperties": [],
  "metrics": {
    "probes": [
      {
        "type": "basic",
        "enabled": true,
        "computeOnBuildMode": "PARTITION",
        "meta": {
          "name": "Basic data",
          "level": 0
        },
        "configuration": {}
      },
      {
        "type": "records",
        "enabled": true,
        "computeOnBuildMode": "NO",
        "meta": {
          "name": "Record count",
          "level": 0
        },
        "configuration": {}
      }
    ],
    "engineConfig": {
      "padRunsWithMetrics": false,
      "hive": {
        "active": true,
        "extraConf": []
      },
      "basic": {},
      "dss": {
        "active": true,
        "selection": {
          "useMemTable": false,
          "filter": {
            "distinct": false,
            "enabled": false
          },
          "partitionSelectionMethod": "ALL",
          "latestPartitionsN": 1,
          "ordering": {
            "enabled": false,
            "rules": []
          },
          "samplingMethod": "FULL",
          "maxRecords": -1,
          "targetRatio": 0.02,
          "withinFirstN": -1,
          "maxReadUncompressedBytes": -1
        }
      },
      "sql": {
        "active": true
      },
      "impala": {
        "active": true
      },
      "spark": {
        "active": true,
        "extraConf": []
      },
      "python": {}
    },
    "displayedState": {
      "columns": [],
      "metrics": [
        "basic:COUNT_COLUMNS",
        "basic:COUNT_FILES",
        "basic:SIZE",
        "records:COUNT_RECORDS"
      ]
    }
  },
  "metricsChecks": {
    "runOnBuild": false,
    "checks": [],
    "displayedState": {
      "checks": []
    }
  },
  "customFields": {}
}