{
  "script": {
    "steps": [],
    "maxProcessedMemTableBytes": -1,
    "columnsSelection": {
      "mode": "ALL"
    },
    "columnWidthsByName": {
      "immeubles_appellation_courante": 240,
      "immeubles_adresse_1": 183,
      "immeubles_date_siecle": 173,
      "immeubles_adresse": 183,
      "immeubles_reference": 158,
      "immeubles_lat": 113,
      "immeubles_long": 120,
      "immeubles_coordonnees_finales": 233,
      "immeubles_geopoint": 169,
      "director_label": 148,
      "nationality_label": 190,
      "date_naissance_director": 188,
      "id_lieu_tournage": 135,
      "annee_tournage": 120,
      "type_tournage": 141,
      "nom_tournage_prep": 218,
      "nom_producteur": 225,
      "adresse_lieu": 246,
      "ardt_lieu": 100,
      "tournage_debut": 183,
      "tournage_duree": 120,
      "tournage_fin": 183,
      "coord_x": 141,
      "coord_y": 141,
      "filmLabel": 183,
      "imdbID": 100,
      "visa": 100,
      "cost": 100,
      "geopoint_tournage": 300
    },
    "coloring": {
      "scheme": "MEANING_AND_STATUS",
      "individualColumns": [],
      "valueColoringMode": "HASH"
    },
    "sorting": [],
    "analysisColumnData": {},
    "explorationSampling": {
      "selection": {
        "maxStoredBytes": 104857600,
        "timeout": -1,
        "filter": {
          "distinct": false,
          "enabled": false
        },
        "partitionSelectionMethod": "ALL",
        "latestPartitionsN": 1,
        "ordering": {
          "enabled": false,
          "rules": []
        },
        "samplingMethod": "HEAD_SEQUENTIAL",
        "maxRecords": 10000,
        "targetRatio": 0.02,
        "withinFirstN": -1,
        "maxReadUncompressedBytes": -1
      },
      "autoRefreshSample": false,
      "_refreshTrigger": 0
    },
    "vizSampling": {
      "selection": {
        "useMemTable": false,
        "filter": {
          "distinct": false,
          "enabled": false
        },
        "partitionSelectionMethod": "ALL",
        "latestPartitionsN": 1,
        "ordering": {
          "enabled": false,
          "rules": []
        },
        "samplingMethod": "FULL",
        "maxRecords": -1,
        "targetRatio": 0.02,
        "withinFirstN": -1,
        "maxReadUncompressedBytes": -1
      },
      "autoRefreshSample": false,
      "_refreshTrigger": 0
    },
    "exploreUIParams": {
      "autoRefresh": true
    },
    "globalSearchQuery": "",
    "explorationFilters": [],
    "previewMode": "ALL_ROWS"
  },
  "charts": []
}