{
  "type": "geojoin",
  "neverRecomputeExistingPartitions": false,
  "optionalDependencies": false,
  "customMeta": {
    "kv": {}
  },
  "redispatchPartitioning": false,
  "maxRunningActivities": 0,
  "variables": {},
  "dkuProperties": [],
  "inputs": {
    "main": {
      "items": [
        {
          "ref": "liste_des_immeubles_proteges_au_titre_monuments_historiques_geopoint",
          "deps": []
        },
        {
          "ref": "queryrealisateur_joined_joined_geopoint",
          "deps": []
        }
      ]
    }
  },
  "outputs": {
    "main": {
      "items": [
        {
          "ref": "liste_des_immeubles_proteges_au_titre_monuments_historiques_geopoint_joined_",
          "appendMode": false
        }
      ]
    }
  },
  "labels": [],
  "versionTag": {
    "versionNumber": 4,
    "lastModifiedBy": {
      "login": "admin"
    },
    "lastModifiedOn": 1648512136699
  },
  "creationTag": {
    "versionNumber": 0,
    "lastModifiedBy": {
      "login": "admin"
    },
    "lastModifiedOn": 1648500542542
  },
  "tags": [],
  "customFields": {},
  "checklists": {
    "checklists": []
  }
}