{
  "type": "window",
  "neverRecomputeExistingPartitions": false,
  "optionalDependencies": false,
  "customMeta": {
    "kv": {}
  },
  "redispatchPartitioning": false,
  "maxRunningActivities": 0,
  "variables": {},
  "dkuProperties": [],
  "inputs": {
    "main": {
      "items": [
        {
          "ref": "liste_des_immeubles_proteges_au_titre_monuments_historiques_geopoint_joined__prepared_prepared",
          "deps": []
        }
      ]
    }
  },
  "outputs": {
    "main": {
      "items": [
        {
          "ref": "liste_des_immeubles_proteges_au_titre_monuments_historiques_geopoint_joined__prepared_prepared_windows",
          "appendMode": false
        }
      ]
    }
  },
  "labels": [],
  "versionTag": {
    "versionNumber": 10,
    "lastModifiedBy": {
      "login": "admin"
    },
    "lastModifiedOn": 1649148823471
  },
  "creationTag": {
    "versionNumber": 0,
    "lastModifiedBy": {
      "login": "admin"
    },
    "lastModifiedOn": 1648826940926
  },
  "tags": [],
  "customFields": {},
  "checklists": {
    "checklists": []
  }
}